{
  "$schema": "https://turbo.build/schema.json",
  "globalDependencies": [
    ".prettierrc.json"
  ],
  "pipeline": {
    "typecheck": {
      "dependsOn": ["^build", "compact"],
      "inputs": ["src/**/*.ts", "src/**/*.tsx", "src/**/*.mts", "tsconfig.json"],
      "outputMode": "new-only",
      "outputs": []
    },
    "compact": {
      "dependsOn": ["^build"],
      "env": ["COMPACT_HOME"],
      "inputs": ["src/**/*.compact"],
      "outputMode": "new-only",
      "outputs": ["src/managed/**", "src/gen/**", "gen/**"]
    },
    "build": {
      "dependsOn": ["^build", "compact", "typecheck"],
      "outputMode": "new-only",
      "inputs": ["src/**/*.ts", "src/**/*.mts", "src/**/*.tsx", "!src/**/*.test.ts", "!tests/**/*.ts", "tsconfig.json", "tsconfig.build.json", ".env"],
      "outputs": ["dist/**"]
    },
    "lint": {
      "outputMode": "new-only",
      "dependsOn": ["compact", "^build", "typecheck"],
      "inputs": ["src/**/*.ts", "src/**/*.mts", "src/**/*.tsx", ".eslintrc.cjs"]
    },
    "test": {
      "outputMode": "new-only",
      "dependsOn": ["^build", "compact", "typecheck"],
      "inputs": ["src/**/*.ts", "src/**/*.mts", "src/**/*.tsx", "jest.config.ts", "tsconfig.json", "tsconfig.test.json", "test-compose.yml"],
      "outputs": ["reports/**"]
    },
    "check": {
      "outputMode": "new-only",
      "dependsOn": ["build", "lint", "test"]
    },
    "test-e2e": {
      "outputMode": "new-only",
      "dependsOn": ["build", "compact"]
    },
    "start": {
      "cache": false,
      "persistent": true,
      "dependsOn": ["build"]
    },
    "dev": {
      "cache": false,
      "persistent": true
    }
  }
}
