{
  "preset": "ts-jest",
  "testEnvironment": "jsdom",
  "setupFilesAfterEnv": [
    "<rootDir>/setup-jest.cjs"
  ],
  "testMatch": [
    "<rootDir>/src/**/*.test.tsx",
    "<rootDir>/src/**/*.test.ts"
  ],
  "transform": {
    "^.+\\.tsx?$": [
      "ts-jest",
      {
        "tsconfig": "<rootDir>/tsconfig.json"
      }
    ]
  },
  "moduleNameMapper": {
    "\\.(css|sass|scss)$": "identity-obj-proxy"
  },
  "passWithNoTests": true,
  "moduleFileExtensions": [
    "ts",
    "tsx",
    "js",
    "jsx",
    "json",
    "node"
  ],
  "collectCoverage": true,
  "coverageDirectory": "coverage",
  "collectCoverageFrom": [
    "src/**/*.{ts,js,jsx}"
  ],
  "coveragePathIgnorePatterns": [
    ".eslintrc.cjs",
    "/node_modules/",
    "/dist/",
    "vite.config.ts",
    "setup-jest.cjs"
  ]
}
