{
  "preset": "ts-jest/presets/default-esm",
  "testEnvironment": "node",
  "verbose": true,
  "maxWorkers": "1",
  "roots": ["<rootDir>"],
  "modulePaths": ["<rootDir>"],
  "testPathIgnorePatterns": ["node_modules", "dist"],
  "testMatch": ["<rootDir>/src/test/**/*.test.ts"],
  "setupFilesAfterEnv": ["<rootDir>/src/test/jest.setup.ts"],
  "resolver": "<rootDir>/js-resolver.cjs",
  "transform": {
    "^.+\\.tsx?$": [
      "ts-jest",
      {
        "useESM": true
      }
    ]
  },
  "extensionsToTreatAsEsm": [".ts"],
  "moduleFileExtensions": ["ts", "tsx", "js", "jsx", "json", "node"],
  "reporters": [
    "default",
    ["jest-junit", { "outputDirectory": "reports", "outputName": "report.xml" }],
    [
      "jest-html-reporters",
      {
        "publicPath": "reports",
        "filename": "test-report.html"
      }
    ]
  ],
  "collectCoverage": true,
  "coverageDirectory": "coverage",
  "collectCoverageFrom": [
    "src/**/*.{ts,js,jsx}",
    "gen/**/*.{ts,js,jsx}"
  ],
  "coveragePathIgnorePatterns": [
    ".eslintrc.cjs",
    "/node_modules/",
    "/dist/"
  ]
}
